url,code,name,total_language_data_available,total_students,JK_GR3,GR4_GR6,GR7_GR8,female,male,primary_not_english,living_in_canada_less_than_2_years,living_in_canada_for_3_5_years
https://www.tdsb.on.ca/FindYour/Schools.aspx?schno=5306,5306,Adam Beck Junior Public School,478,478,311,167,,249,229,84,3,9
https://www.tdsb.on.ca/FindYour/Schools.aspx?schno=3949,3949,Africentric Alternative School,57,57,30,17,10,23,34,0,0,1
https://www.tdsb.on.ca/FindYour/Schools.aspx?schno=4312,4312,Agincourt Junior Public School,194,194,99,95,,98,96,170,10,19
https://www.tdsb.on.ca/FindYour/Schools.aspx?schno=4669,4669,Agnes Macphail Public School,271,271,166,67,38,137,134,233,6,19
https://www.tdsb.on.ca/FindYour/Schools.aspx?schno=2083,2083,Albion Heights Junior Middle School,458,458,191,115,152,214,244,254,28,53
https://www.tdsb.on.ca/FindYour/Schools.aspx?schno=5200,5200,Alexander Muir/Gladstone Ave Junior and Senior Public School,504,505,201,106,198,220,283,192,33,23
https://www.tdsb.on.ca/FindYour/Schools.aspx?schno=4639,4639,Alexander Stirling Public School,336,336,174,89,73,168,168,158,2,13
https://www.tdsb.on.ca/FindYour/Schools.aspx?schno=4316,4316,Alexmuir Junior Public School,328,328,191,137,,164,164,291,7,18
https://www.tdsb.on.ca/FindYour/Schools.aspx?schno=5309,5309,Allenby Junior Public School,703,703,414,289,,348,355,190,22,52
https://www.tdsb.on.ca/FindYour/Schools.aspx?schno=5358,5358,ALPHA Alternative Junior School,71,71,47,24,,40,29,18,0,1
https://www.tdsb.on.ca/FindYour/Schools.aspx?schno=4805,4805,Alvin Curling Public School,516,516,268,164,84,257,259,399,11,23
https://www.tdsb.on.ca/FindYour/Schools.aspx?schno=3015,3015,Amesbury Middle School,288,288,,,,150,138,140,6,14
https://www.tdsb.on.ca/FindYour/Schools.aspx?schno=3010,3010,Ancaster Public School,107,107,74,,,54,53,63,3,5
https://www.tdsb.on.ca/FindYour/Schools.aspx?schno=5202,5202,Annette Street Junior and Senior Public School,489,489,215,140,134,234,250,85,6,6
https://www.tdsb.on.ca/FindYour/Schools.aspx?schno=4318,4318,Anson Park Public School,260,260,99,87,74,131,129,174,9,27
https://www.tdsb.on.ca/FindYour/Schools.aspx?schno=4320,4320,Anson S Taylor Junior Public School,215,215,139,76,,87,128,182,7,26
https://www.tdsb.on.ca/FindYour/Schools.aspx?schno=3092,3092,Arbor Glen Public School,234,234,179,,,143,91,201,18,42
https://www.tdsb.on.ca/FindYour/Schools.aspx?schno=3018,3018,Armour Heights Public School,198,198,108,77,,91,107,58,11,21
https://www.tdsb.on.ca/FindYour/Schools.aspx?schno=3017,3017,Avondale Elementary Alternative School,130,130,62,45,23,76,54,58,0,6
https://www.tdsb.on.ca/FindYour/Schools.aspx?schno=3134,3134,Avondale Public School,770,770,466,197,107,358,412,600,159,186
https://www.tdsb.on.ca/FindYour/Schools.aspx?schno=6101,6101,Bala Avenue Community School,186,186,141,,,89,97,62,3,12
https://www.tdsb.on.ca/FindYour/Schools.aspx?schno=5203,5203,Balmy Beach Community School,400,400,248,152,,191,209,46,7,21
https://www.tdsb.on.ca/FindYour/Schools.aspx?schno=4321,4321,Banting and Best Public School,350,350,184,95,71,168,180,303,16,30
https://www.tdsb.on.ca/FindYour/Schools.aspx?schno=3026,3026,Baycrest Public School,220,220,140,47,33,107,113,124,14,16
https://www.tdsb.on.ca/FindYour/Schools.aspx?schno=3025,3025,Bayview Middle School,408,408,,,,192,216,314,44,53
https://www.tdsb.on.ca/FindYour/Schools.aspx?schno=5315,5315,Beaches Alternative Junior School,69,69,43,26,,34,34,10,0,3
https://www.tdsb.on.ca/FindYour/Schools.aspx?schno=2049,2049,Beaumonde Heights Junior Middle School,483,483,231,160,92,234,248,299,30,36
https://www.tdsb.on.ca/FindYour/Schools.aspx?schno=5204,5204,Bedford Park Public School,685,685,291,224,170,351,334,204,26,35
https://www.tdsb.on.ca/FindYour/Schools.aspx?schno=4324,4324,Bellmere Junior Public School,383,383,216,167,,186,197,310,29,57
https://www.tdsb.on.ca/FindYour/Schools.aspx?schno=4803,4803,Ben Heppner Vocal Music Academy,0,0,,,,0,0,0,0,0
https://www.tdsb.on.ca/FindYour/Schools.aspx?schno=4330,4330,Bendale Junior Public School,356,356,234,122,,172,184,288,25,72
https://www.tdsb.on.ca/FindYour/Schools.aspx?schno=1409,1409,Bennington Heights Elementary School,147,147,90,57,,65,82,75,14,35
https://www.tdsb.on.ca/FindYour/Schools.aspx?schno=4332,4332,Berner Trail Junior Public School,281,281,168,113,,141,140,174,7,27
https://www.tdsb.on.ca/FindYour/Schools.aspx?schno=1412,1412,Bessborough Drive Elementary and Middle School,488,488,158,127,203,210,278,98,10,19
https://www.tdsb.on.ca/FindYour/Schools.aspx?schno=3211,3211,Beverley Heights Middle School,410,410,,,,208,202,203,12,48
https://www.tdsb.on.ca/FindYour/Schools.aspx?schno=5313,5313,Beverley School,79,79,30,33,16,38,41,14,0,3
https://www.tdsb.on.ca/FindYour/Schools.aspx?schno=4334,4334,Beverly Glen Junior Public School,361,361,253,108,,166,195,252,12,21
https://www.tdsb.on.ca/FindYour/Schools.aspx?schno=4342,4342,Birch Cliff Heights Public School,305,306,132,127,47,131,175,156,13,12
https://www.tdsb.on.ca/FindYour/Schools.aspx?schno=4336,4336,Birch Cliff Public School,436,436,237,128,71,221,215,86,3,7
https://www.tdsb.on.ca/FindYour/Schools.aspx?schno=3028,3028,Blacksmith Public School,178,178,129,,,89,89,93,5,26
https://www.tdsb.on.ca/FindYour/Schools.aspx?schno=5287,5287,Blake Street Junior Public School,354,354,241,113,,201,150,98,5,7
https://www.tdsb.on.ca/FindYour/Schools.aspx?schno=4348,4348,Blantyre Public School,330,330,186,102,42,144,185,52,10,4
https://www.tdsb.on.ca/FindYour/Schools.aspx?schno=3030,3030,Blaydon Public School,176,176,135,,,93,83,95,5,15
https://www.tdsb.on.ca/FindYour/Schools.aspx?schno=4350,4350,Bliss Carman Senior Public School,308,308,,,,153,154,208,13,36
https://www.tdsb.on.ca/FindYour/Schools.aspx?schno=2020,2020,Bloordale Middle School,344,344,,,,146,198,194,11,18
https://www.tdsb.on.ca/FindYour/Schools.aspx?schno=2024,2024,Bloorlea Middle School,358,358,,,,180,178,222,17,15
https://www.tdsb.on.ca/FindYour/Schools.aspx?schno=5297,5297,Blythwood Junior Public School,345,345,215,130,,166,179,128,17,20
https://www.tdsb.on.ca/FindYour/Schools.aspx?schno=5300,5300,Bowmore Road Junior and Senior Public School,979,979,356,278,345,453,517,173,4,19
https://www.tdsb.on.ca/FindYour/Schools.aspx?schno=2909,2909,Boys Leadership Academy,0,0,,,,0,0,0,0,0
https://www.tdsb.on.ca/FindYour/Schools.aspx?schno=2061,2061,Braeburn Junior School,164,164,130,,,71,93,90,3,10
https://www.tdsb.on.ca/FindYour/Schools.aspx?schno=3034,3034,Brian Public School,305,305,233,,,152,153,194,9,22
https://www.tdsb.on.ca/FindYour/Schools.aspx?schno=2032,2032,Briarcrest Junior School,191,191,117,,,94,97,99,2,7
https://www.tdsb.on.ca/FindYour/Schools.aspx?schno=4354,4354,Bridlewood Junior Public School,227,227,132,95,,111,116,134,1,7
https://www.tdsb.on.ca/FindYour/Schools.aspx?schno=4355,4355,Brimwood Boulevard Junior Public School,329,329,196,133,,168,161,242,15,11
https://www.tdsb.on.ca/FindYour/Schools.aspx?schno=2027,2027,Broadacres Junior School,377,377,221,,,175,202,216,9,28
https://www.tdsb.on.ca/FindYour/Schools.aspx?schno=3038,3038,Broadlands Public School,358,358,,,,192,166,177,0,6
https://www.tdsb.on.ca/FindYour/Schools.aspx?schno=5207,5207,Brock Public School,321,321,148,59,114,145,174,112,3,9
https://www.tdsb.on.ca/FindYour/Schools.aspx?schno=3046,3046,Brookhaven Public School,301,301,233,,,145,156,123,12,27
https://www.tdsb.on.ca/FindYour/Schools.aspx?schno=4356,4356,Brookmill Boulevard Junior Public School,253,253,191,62,,123,130,214,8,17
https://www.tdsb.on.ca/FindYour/Schools.aspx?schno=4801,4801,Brookside Public School,635,635,277,198,160,324,311,551,16,21
https://www.tdsb.on.ca/FindYour/Schools.aspx?schno=3180,3180,Brookview Middle School,444,444,,,,240,203,194,18,29
https://www.tdsb.on.ca/FindYour/Schools.aspx?schno=5208,5208,Brown Junior Public School,449,450,266,184,,226,224,198,32,32
https://www.tdsb.on.ca/FindYour/Schools.aspx?schno=5303,5303,Bruce Public School,295,295,186,,,138,157,81,12,5
https://www.tdsb.on.ca/FindYour/Schools.aspx?schno=4360,4360,Buchanan Public School,307,307,114,103,90,141,165,199,11,32
https://www.tdsb.on.ca/FindYour/Schools.aspx?schno=4364,4364,Burrows Hall Junior Public School,249,249,182,67,,127,122,184,25,35
https://www.tdsb.on.ca/FindYour/Schools.aspx?schno=4366,4366,C D Farquharson Junior Public School,341,341,217,124,,170,171,280,10,28
https://www.tdsb.on.ca/FindYour/Schools.aspx?schno=6216,6216,C R Marchant Middle School,379,379,,,,186,191,146,11,24
https://www.tdsb.on.ca/FindYour/Schools.aspx?schno=3054,3054,Calico Public School,233,233,171,,,110,122,108,9,32
https://www.tdsb.on.ca/FindYour/Schools.aspx?schno=3058,3058,Cameron Public School,289,289,218,,,145,144,200,43,38
https://www.tdsb.on.ca/FindYour/Schools.aspx?schno=5209,5209,Carleton Village Junior and Senior Sports & Wellness Academy,439,440,252,112,76,221,219,174,8,13
https://www.tdsb.on.ca/FindYour/Schools.aspx?schno=3063,3063,Cassandra Public School,251,251,159,,,116,135,112,7,22
https://www.tdsb.on.ca/FindYour/Schools.aspx?schno=2910,2910,Castlebar Junior School,224,224,173,,,101,123,92,10,9
https://www.tdsb.on.ca/FindYour/Schools.aspx?schno=4376,4376,Cedar Drive Junior Public School,607,607,365,242,,272,335,443,48,75
https://www.tdsb.on.ca/FindYour/Schools.aspx?schno=4378,4378,Cedarbrook Public School,391,391,105,160,126,211,180,278,4,21
https://www.tdsb.on.ca/FindYour/Schools.aspx?schno=6207,6207,Cedarvale Community School,323,323,133,95,95,150,173,77,13,15
https://www.tdsb.on.ca/FindYour/Schools.aspx?schno=4384,4384,Centennial Road Junior Public School,254,254,157,97,,130,124,109,1,13
https://www.tdsb.on.ca/FindYour/Schools.aspx?schno=3066,3066,Chalkfarm Public School,184,184,148,,,90,94,71,5,38
https://www.tdsb.on.ca/FindYour/Schools.aspx?schno=6110,6110,Charles E Webster Public School,353,353,154,123,76,167,186,153,12,38
https://www.tdsb.on.ca/FindYour/Schools.aspx?schno=5251,5251,Charles G Fraser Junior Public School,211,211,137,74,,100,110,107,8,3
https://www.tdsb.on.ca/FindYour/Schools.aspx?schno=4385,4385,Charles Gordon Senior Public School,297,297,,,,160,137,223,6,23
https://www.tdsb.on.ca/FindYour/Schools.aspx?schno=3070,3070,Charles H Best Junior Middle School,402,402,,,,184,216,245,30,38
https://www.tdsb.on.ca/FindYour/Schools.aspx?schno=4386,4386,Charlottetown Junior Public School,409,409,237,172,,199,210,124,5,6
https://www.tdsb.on.ca/FindYour/Schools.aspx?schno=4388,4388,Chartland Junior Public School,170,170,129,41,,80,90,138,4,10
https://www.tdsb.on.ca/FindYour/Schools.aspx?schno=3273,3273,Cherokee Public School,130,130,96,,,59,71,97,16,14
https://www.tdsb.on.ca/FindYour/Schools.aspx?schno=1118,1118,Chester Elementary School,467,467,307,,,220,246,209,12,37
https://www.tdsb.on.ca/FindYour/Schools.aspx?schno=4389,4389,Chester Le Junior Public School,170,170,96,74,,90,80,109,9,19
https://www.tdsb.on.ca/FindYour/Schools.aspx?schno=4722,4722,Chief Dan George Public School,295,295,123,124,48,146,149,109,10,28
https://www.tdsb.on.ca/FindYour/Schools.aspx?schno=4390,4390,Chine Drive Public School,140,140,72,41,27,55,84,38,3,2
https://www.tdsb.on.ca/FindYour/Schools.aspx?schno=5210,5210,Church Street Junior Public School,389,394,300,94,,199,194,265,77,68
https://www.tdsb.on.ca/FindYour/Schools.aspx?schno=4396,4396,Churchill Heights Public School,403,403,200,125,78,186,217,332,14,30
https://www.tdsb.on.ca/FindYour/Schools.aspx?schno=3074,3074,Churchill Public School,430,430,303,,,206,224,307,48,63
https://www.tdsb.on.ca/FindYour/Schools.aspx?schno=5201,5201,City View Alternative Senior School,48,48,,,,28,17,8,0,2
https://www.tdsb.on.ca/FindYour/Schools.aspx?schno=2067,2067,Claireville Junior School,159,159,118,,,71,88,81,5,8
https://www.tdsb.on.ca/FindYour/Schools.aspx?schno=4402,4402,Clairlea Public School,553,553,281,177,95,279,274,274,13,29
https://www.tdsb.on.ca/FindYour/Schools.aspx?schno=3241,3241,Claude Watson School for the Arts,281,281,,,,138,143,213,1,5
https://www.tdsb.on.ca/FindYour/Schools.aspx?schno=4408,4408,Cliffside Public School,160,160,60,59,41,86,74,76,4,15
https://www.tdsb.on.ca/FindYour/Schools.aspx?schno=3188,3188,Cliffwood Public School,331,331,233,,,149,182,254,8,24
https://www.tdsb.on.ca/FindYour/Schools.aspx?schno=5211,5211,Clinton Street Junior Public School,351,351,152,199,,164,185,77,4,4
https://www.tdsb.on.ca/FindYour/Schools.aspx?schno=6113,6113,Cordella Junior Public School,142,142,64,,,66,76,76,9,8
https://www.tdsb.on.ca/FindYour/Schools.aspx?schno=4414,4414,Cornell Junior Public School,675,675,420,255,,339,336,543,24,45
https://www.tdsb.on.ca/FindYour/Schools.aspx?schno=4420,4420,Corvette Junior Public School,532,532,312,220,,260,272,304,21,52
https://www.tdsb.on.ca/FindYour/Schools.aspx?schno=1521,1521,Cosburn Middle School,601,601,,,,299,301,245,5,10
https://www.tdsb.on.ca/FindYour/Schools.aspx?schno=5213,5213,Cottingham Junior Public School,156,156,99,57,,74,82,22,5,10
https://www.tdsb.on.ca/FindYour/Schools.aspx?schno=4426,4426,Courcelette Public School,274,274,125,86,63,144,130,54,4,2
https://www.tdsb.on.ca/FindYour/Schools.aspx?schno=1122,1122,Crescent Town Elementary School,437,437,354,,,227,209,385,40,91
https://www.tdsb.on.ca/FindYour/Schools.aspx?schno=3080,3080,Cresthaven Public School,185,185,117,,,93,92,105,15,14
https://www.tdsb.on.ca/FindYour/Schools.aspx?schno=3081,3081,Crestview Public School,435,435,349,,,207,228,367,74,118
https://www.tdsb.on.ca/FindYour/Schools.aspx?schno=3210,3210,Cummer Valley Middle School,389,389,,,,175,213,320,56,66
https://www.tdsb.on.ca/FindYour/Schools.aspx?schno=1548,1548,D A Morrison Middle School,459,459,,,,251,207,155,9,17
https://www.tdsb.on.ca/FindYour/Schools.aspx?schno=5905,5905,da Vinci School,83,83,55,28,,45,37,26,1,2
https://www.tdsb.on.ca/FindYour/Schools.aspx?schno=3085,3085,Dallington Public School,474,474,331,,,234,240,331,33,67
https://www.tdsb.on.ca/FindYour/Schools.aspx?schno=4432,4432,Danforth Gardens Public School,558,558,267,165,126,291,267,359,37,43
https://www.tdsb.on.ca/FindYour/Schools.aspx?schno=2078,2078,David Hornell Junior School,191,191,147,,,92,99,91,6,19
https://www.tdsb.on.ca/FindYour/Schools.aspx?schno=4431,4431,David Lewis Public School,432,432,205,119,108,212,220,349,6,20
https://www.tdsb.on.ca/FindYour/Schools.aspx?schno=5215,5215,Davisville Junior Public School,510,510,379,131,,263,246,308,66,93
https://www.tdsb.on.ca/FindYour/Schools.aspx?schno=3090,3090,Daystrom Public School,396,396,278,,,200,195,201,25,35
https://www.tdsb.on.ca/FindYour/Schools.aspx?schno=5216,5216,Deer Park Junior and Senior Public School,569,569,232,107,230,292,277,277,52,64
https://www.tdsb.on.ca/FindYour/Schools.aspx?schno=5331,5331,Delta Alternative Senior School,56,56,,,,25,31,4,0,0
https://www.tdsb.on.ca/FindYour/Schools.aspx?schno=3173,3173,Denlow Public School,319,319,158,,,158,161,207,19,34
https://www.tdsb.on.ca/FindYour/Schools.aspx?schno=6122,6122,Dennis Avenue Community School,97,97,60,,,50,47,55,6,7
https://www.tdsb.on.ca/FindYour/Schools.aspx?schno=3091,3091,Derrydown Public School,345,345,229,,,165,180,197,22,23
https://www.tdsb.on.ca/FindYour/Schools.aspx?schno=5217,5217,Dewson Street Junior Public School,377,377,245,132,,189,188,113,11,13
https://www.tdsb.on.ca/FindYour/Schools.aspx?schno=1154,1154,Diefenbaker Elementary School,339,339,236,,,156,183,144,3,6
https://www.tdsb.on.ca/FindYour/Schools.aspx?schno=2035,2035,Dixon Grove Junior Middle School,680,680,114,213,353,297,383,413,68,71
https://www.tdsb.on.ca/FindYour/Schools.aspx?schno=3095,3095,Don Mills Middle School,363,363,,,,192,171,217,12,34
https://www.tdsb.on.ca/FindYour/Schools.aspx?schno=3314,3314,Don Valley Middle School,344,344,,,,170,173,251,11,29
https://www.tdsb.on.ca/FindYour/Schools.aspx?schno=3096,3096,Donview Middle Health and Wellness Academy,306,306,,,,130,176,180,31,30
https://www.tdsb.on.ca/FindYour/Schools.aspx?schno=4438,4438,Donwood Park Public School,717,717,353,211,153,354,363,605,25,89
https://www.tdsb.on.ca/FindYour/Schools.aspx?schno=4444,4444,Dorset Park Public School,247,247,136,70,41,118,129,172,16,34
https://www.tdsb.on.ca/FindYour/Schools.aspx?schno=5218,5218,Dovercourt Public School,405,405,148,94,163,170,234,134,10,10
https://www.tdsb.on.ca/FindYour/Schools.aspx?schno=3094,3094,Downsview Public School,219,219,154,,,95,123,139,18,30
https://www.tdsb.on.ca/FindYour/Schools.aspx?schno=5365,5365,Downtown Alternative School,108,111,76,35,,56,54,23,0,4
https://www.tdsb.on.ca/FindYour/Schools.aspx?schno=5906,5906,Downtown Vocal Music Academy of Toronto,33,33,,,,21,12,8,0,1
https://www.tdsb.on.ca/FindYour/Schools.aspx?schno=4446,4446,Dr Marion Hilliard Senior Public School,269,269,,,,144,125,176,12,16
https://www.tdsb.on.ca/FindYour/Schools.aspx?schno=5267,5267,Dr Rita Cox â€“ Kina Minogok Public School,751,751,320,262,169,353,396,416,35,51
https://www.tdsb.on.ca/FindYour/Schools.aspx?schno=3100,3100,Driftwood Public School,324,324,215,,,153,171,109,6,10
https://www.tdsb.on.ca/FindYour/Schools.aspx?schno=3102,3102,Dublin Heights Elementary and Middle School,702,702,267,223,212,329,373,412,41,85
https://www.tdsb.on.ca/FindYour/Schools.aspx?schno=5220,5220,Duke of Connaught Junior and Senior Public School,736,736,243,233,260,329,400,150,5,8
https://www.tdsb.on.ca/FindYour/Schools.aspx?schno=5241,5241,Dundas Junior Public School,448,448,293,,,207,241,134,6,19
https://www.tdsb.on.ca/FindYour/Schools.aspx?schno=3104,3104,Dunlace Public School,251,251,174,,,110,141,163,28,18
https://www.tdsb.on.ca/FindYour/Schools.aspx?schno=5304,5304,Earl Beatty Junior and Senior Public School,459,459,296,128,35,226,231,80,6,14
https://www.tdsb.on.ca/FindYour/Schools.aspx?schno=5222,5222,Earl Grey Senior Public School,441,442,,,,199,238,120,4,7
https://www.tdsb.on.ca/FindYour/Schools.aspx?schno=5302,5302,Earl Haig Public School,636,637,373,192,72,321,311,149,9,5
https://www.tdsb.on.ca/FindYour/Schools.aspx?schno=5290,5290,East Alternative School of Toronto,52,52,,,,30,21,7,0,0
https://www.tdsb.on.ca/FindYour/Schools.aspx?schno=4450,4450,Eastview Public School,261,261,144,73,44,118,143,91,0,19
https://www.tdsb.on.ca/FindYour/Schools.aspx?schno=2023,2023,Eatonville Junior School,235,235,150,,,116,119,124,11,32
https://www.tdsb.on.ca/FindYour/Schools.aspx?schno=4456,4456,Edgewood Public School,204,204,112,53,39,99,104,101,21,10
https://www.tdsb.on.ca/FindYour/Schools.aspx?schno=5224,5224,Eglinton Junior Public School,476,476,333,,,225,251,312,66,92
https://www.tdsb.on.ca/FindYour/Schools.aspx?schno=3212,3212,Elia Middle School,359,359,,,,182,177,203,22,25
https://www.tdsb.on.ca/FindYour/Schools.aspx?schno=4462,4462,Elizabeth Simcoe Junior Public School,263,263,126,137,,114,149,81,6,6
https://www.tdsb.on.ca/FindYour/Schools.aspx?schno=3110,3110,Elkhorn Public School,342,342,245,,,158,184,256,34,53
https://www.tdsb.on.ca/FindYour/Schools.aspx?schno=4468,4468,Ellesmere-Statton Public School,618,618,273,149,196,296,322,412,26,67
https://www.tdsb.on.ca/FindYour/Schools.aspx?schno=2066,2066,Elmbank Junior Middle Academy,299,299,97,133,69,141,158,146,10,17
https://www.tdsb.on.ca/FindYour/Schools.aspx?schno=2042,2042,Elmlea Junior School,324,324,233,,,160,164,136,4,22
https://www.tdsb.on.ca/FindYour/Schools.aspx?schno=4641,4641,Emily Carr Public School,236,236,95,73,68,119,117,119,4,5
https://www.tdsb.on.ca/FindYour/Schools.aspx?schno=5903,5903,Equinox Holistic Alternative School,184,184,99,58,27,85,92,27,0,5
https://www.tdsb.on.ca/FindYour/Schools.aspx?schno=3111,3111,Ernest Public School,197,197,125,,,97,100,158,28,25
https://www.tdsb.on.ca/FindYour/Schools.aspx?schno=5225,5225,Essex Junior and Senior Public School,311,311,144,62,105,132,179,87,8,14
https://www.tdsb.on.ca/FindYour/Schools.aspx?schno=6128,6128,F H Miller Junior Public School,127,127,97,30,,68,59,42,2,3
https://www.tdsb.on.ca/FindYour/Schools.aspx?schno=6164,6164,Fairbank Memorial Community School,158,158,121,,,86,72,67,5,26
https://www.tdsb.on.ca/FindYour/Schools.aspx?schno=6225,6225,Fairbank Public School,304,304,109,76,119,137,165,139,25,27
https://www.tdsb.on.ca/FindYour/Schools.aspx?schno=4474,4474,Fairglen Junior Public School,291,291,107,184,,134,157,235,7,31
https://www.tdsb.on.ca/FindYour/Schools.aspx?schno=4480,4480,Fairmount Public School,329,329,149,109,71,148,181,98,6,10
https://www.tdsb.on.ca/FindYour/Schools.aspx?schno=3118,3118,Faywood Arts-Based Curriculum School,508,508,234,184,90,219,288,224,24,27
https://www.tdsb.on.ca/FindYour/Schools.aspx?schno=3120,3120,Fenside Public School,215,215,173,,,99,116,107,24,25
https://www.tdsb.on.ca/FindYour/Schools.aspx?schno=5226,5226,Fern Avenue Junior and Senior Public School,666,666,268,178,220,306,358,114,5,10
https://www.tdsb.on.ca/FindYour/Schools.aspx?schno=3122,3122,Finch Public School,304,304,242,,,153,151,242,52,62
https://www.tdsb.on.ca/FindYour/Schools.aspx?schno=3168,3168,Firgrove Public School,341,341,218,,,165,176,192,14,13
https://www.tdsb.on.ca/FindYour/Schools.aspx?schno=3316,3316,Fisherville Senior Public School,178,178,,,,82,96,150,31,41
https://www.tdsb.on.ca/FindYour/Schools.aspx?schno=4643,4643,Fleming Public School,285,285,152,81,52,152,133,141,4,19
https://www.tdsb.on.ca/FindYour/Schools.aspx?schno=3126,3126,Flemington Public School,186,186,130,,,88,98,62,3,11
https://www.tdsb.on.ca/FindYour/Schools.aspx?schno=5337,5337,Forest Hill Junior and Senior Public School,731,731,144,259,328,337,393,362,36,82
https://www.tdsb.on.ca/FindYour/Schools.aspx?schno=3127,3127,Forest Manor Public School,749,750,578,,,365,385,655,196,228
https://www.tdsb.on.ca/FindYour/Schools.aspx?schno=5227,5227,Frankland Community School,324,324,186,138,,151,173,95,7,10
https://www.tdsb.on.ca/FindYour/Schools.aspx?schno=1999,1999,Fraser Mustard Early Learning Academy,511,511,,,,238,273,489,71,75
https://www.tdsb.on.ca/FindYour/Schools.aspx?schno=4486,4486,Galloway Road Public School,224,224,92,91,41,117,107,95,18,18
https://www.tdsb.on.ca/FindYour/Schools.aspx?schno=5231,5231,Garden Avenue Junior Public School,228,228,152,76,,94,134,29,5,6
https://www.tdsb.on.ca/FindYour/Schools.aspx?schno=3129,3129,Gateway Public School,857,858,529,329,,421,436,659,98,128
https://www.tdsb.on.ca/FindYour/Schools.aspx?schno=4492,4492,General Brock Public School,444,444,230,145,69,200,243,279,29,54
https://www.tdsb.on.ca/FindYour/Schools.aspx?schno=4498,4498,General Crerar Public School,335,335,142,115,78,165,170,178,10,11
https://www.tdsb.on.ca/FindYour/Schools.aspx?schno=5277,5277,General Mercer Junior Public School,193,193,127,66,,75,117,67,3,18
https://www.tdsb.on.ca/FindYour/Schools.aspx?schno=3130,3130,George Anderson Public School,143,143,74,,,69,74,105,4,4
https://www.tdsb.on.ca/FindYour/Schools.aspx?schno=4504,4504,George B Little Public School,328,328,148,119,61,158,169,186,18,47
https://www.tdsb.on.ca/FindYour/Schools.aspx?schno=4510,4510,George P Mackie Junior Public School,165,165,105,60,,70,95,88,5,19
https://www.tdsb.on.ca/FindYour/Schools.aspx?schno=4516,4516,George Peck Public School,219,219,107,58,54,98,121,145,6,11
https://www.tdsb.on.ca/FindYour/Schools.aspx?schno=2079,2079,George R Gauld Junior School,220,220,174,,,107,113,92,12,10
https://www.tdsb.on.ca/FindYour/Schools.aspx?schno=6137,6137,George Syme Community School,405,405,224,,,212,193,203,10,20
https://www.tdsb.on.ca/FindYour/Schools.aspx?schno=1130,1130,George Webster Elementary School,724,724,259,261,204,326,397,483,54,94
https://www.tdsb.on.ca/FindYour/Schools.aspx?schno=5229,5229,Givins/Shaw Junior Public School,238,238,147,91,,116,122,65,3,2
https://www.tdsb.on.ca/FindYour/Schools.aspx?schno=4520,4520,Glamorgan Junior Public School,489,489,287,202,,263,226,371,57,48
https://www.tdsb.on.ca/FindYour/Schools.aspx?schno=5228,5228,Gledhill Junior Public School,399,399,301,,,187,212,106,4,14
https://www.tdsb.on.ca/FindYour/Schools.aspx?schno=5293,5293,Glen Ames Senior Public School,416,416,,,,204,207,54,3,11
https://www.tdsb.on.ca/FindYour/Schools.aspx?schno=3138,3138,Glen Park Public School,430,430,238,192,,202,228,216,21,18
https://www.tdsb.on.ca/FindYour/Schools.aspx?schno=4522,4522,Glen Ravine Junior Public School,287,292,179,113,,145,147,214,9,35
https://www.tdsb.on.ca/FindYour/Schools.aspx?schno=5298,5298,Glenview Senior Public School,647,647,,,,325,322,193,10,23
https://www.tdsb.on.ca/FindYour/Schools.aspx?schno=4528,4528,Golf Road Junior Public School,267,267,167,100,,138,129,189,7,25
https://www.tdsb.on.ca/FindYour/Schools.aspx?schno=1572,1572,Gordon A Brown Middle School,359,359,,,,174,185,155,6,13
https://www.tdsb.on.ca/FindYour/Schools.aspx?schno=3144,3144,Gosford Public School,213,213,156,,,95,118,95,3,11
https://www.tdsb.on.ca/FindYour/Schools.aspx?schno=3145,3145,Gracedale Public School,564,564,397,,,292,272,435,30,62
https://www.tdsb.on.ca/FindYour/Schools.aspx?schno=3146,3146,Gracefield Public School,156,156,129,,,83,73,82,6,8
https://www.tdsb.on.ca/FindYour/Schools.aspx?schno=2065,2065,Greenholme Junior Middle School,316,316,104,150,62,163,153,172,6,9
https://www.tdsb.on.ca/FindYour/Schools.aspx?schno=3150,3150,Greenland Public School,136,136,92,,,73,63,82,2,15
https://www.tdsb.on.ca/FindYour/Schools.aspx?schno=3152,3152,Grenoble Public School,852,852,509,343,,423,429,786,111,128
https://www.tdsb.on.ca/FindYour/Schools.aspx?schno=4536,4536,Grey Owl Junior Public School,243,243,145,98,,119,124,115,5,27
https://www.tdsb.on.ca/FindYour/Schools.aspx?schno=4540,4540,Guildwood Junior Public School,145,145,84,61,,74,71,55,5,5
https://www.tdsb.on.ca/FindYour/Schools.aspx?schno=3154,3154,Gulfstream Public School,515,515,242,151,122,261,254,269,19,40
https://www.tdsb.on.ca/FindYour/Schools.aspx?schno=4546,4546,H A Halbert Junior Public School,246,246,163,83,,108,138,125,5,16
https://www.tdsb.on.ca/FindYour/Schools.aspx?schno=6143,6143,H J Alexander Community School,485,485,347,,,235,250,199,28,41
https://www.tdsb.on.ca/FindYour/Schools.aspx?schno=3162,3162,Harrison Public School,91,91,69,,,40,51,64,7,15
https://www.tdsb.on.ca/FindYour/Schools.aspx?schno=6140,6140,Harwood Public School,190,190,97,55,38,108,82,94,4,11
https://www.tdsb.on.ca/FindYour/Schools.aspx?schno=5362,5362,Hawthorne II Bilingual Alternative Junior School,163,163,101,62,,92,70,35,0,0
https://www.tdsb.on.ca/FindYour/Schools.aspx?schno=4552,4552,Heather Heights Junior Public School,180,180,117,63,,79,101,114,6,13
https://www.tdsb.on.ca/FindYour/Schools.aspx?schno=4555,4555,Henry Hudson Senior Public School,280,280,,,,140,140,199,5,19
https://www.tdsb.on.ca/FindYour/Schools.aspx?schno=4556,4556,Henry Kelsey Senior Public School,348,348,,,,148,198,281,13,26
https://www.tdsb.on.ca/FindYour/Schools.aspx?schno=4644,4644,Heritage Park Public School,294,294,119,70,105,143,151,182,7,11
https://www.tdsb.on.ca/FindYour/Schools.aspx?schno=5340,5340,High Park Alternative Junior School,146,146,77,41,28,58,86,30,0,1
https://www.tdsb.on.ca/FindYour/Schools.aspx?schno=4564,4564,Highcastle Public School,362,362,170,113,79,167,195,206,19,25
https://www.tdsb.on.ca/FindYour/Schools.aspx?schno=2063,2063,Highfield Junior School,581,581,423,,,256,325,442,23,54
https://www.tdsb.on.ca/FindYour/Schools.aspx?schno=4570,4570,Highland Creek Public School,229,229,70,99,60,100,129,133,7,18
https://www.tdsb.on.ca/FindYour/Schools.aspx?schno=4573,4573,Highland Heights Junior Public School,178,182,105,77,,98,84,105,7,7
https://www.tdsb.on.ca/FindYour/Schools.aspx?schno=3322,3322,Highland Middle School,422,422,,,,202,220,352,14,32
https://www.tdsb.on.ca/FindYour/Schools.aspx?schno=3166,3166,Highview Public School,196,196,127,,,94,102,111,7,15
https://www.tdsb.on.ca/FindYour/Schools.aspx?schno=5232,5232,Hillcrest Community School,328,328,223,105,,169,156,71,6,16
https://www.tdsb.on.ca/FindYour/Schools.aspx?schno=3123,3123,Hillmount Public School,198,198,156,,,104,94,153,18,7
https://www.tdsb.on.ca/FindYour/Schools.aspx?schno=2038,2038,Hilltop Middle School,494,494,,,,254,239,242,5,19
https://www.tdsb.on.ca/FindYour/Schools.aspx?schno=5233,5233,Hodgson Middle School,578,578,,,,271,304,257,40,66
https://www.tdsb.on.ca/FindYour/Schools.aspx?schno=2060,2060,Hollycrest Middle School,333,333,,,,138,195,115,9,11
https://www.tdsb.on.ca/FindYour/Schools.aspx?schno=3170,3170,Hollywood Public School,341,341,255,,,168,173,270,20,41
https://www.tdsb.on.ca/FindYour/Schools.aspx?schno=5341,5341,Horizon Alternative Senior School,56,56,,,,29,27,8,0,0
https://www.tdsb.on.ca/FindYour/Schools.aspx?schno=5234,5234,Howard Junior Public School,376,376,237,139,,176,199,95,10,9
https://www.tdsb.on.ca/FindYour/Schools.aspx?schno=3135,3135,Humber Summit Middle School,459,459,,,,232,227,331,23,49
https://www.tdsb.on.ca/FindYour/Schools.aspx?schno=2030,2030,Humber Valley Village Junior Middle School,387,387,180,128,79,177,209,146,12,14
https://www.tdsb.on.ca/FindYour/Schools.aspx?schno=6346,6346,Humbercrest Public School,681,681,270,184,227,328,351,159,4,11
https://www.tdsb.on.ca/FindYour/Schools.aspx?schno=2081,2081,Humberwood Downs Junior Middle Academy,691,691,315,188,188,302,389,465,9,51
https://www.tdsb.on.ca/FindYour/Schools.aspx?schno=6149,6149,Humewood Community School,585,585,319,164,102,292,293,159,7,17
https://www.tdsb.on.ca/FindYour/Schools.aspx?schno=4582,4582,Hunter's Glen Junior Public School,454,455,246,209,,215,240,355,15,24
https://www.tdsb.on.ca/FindYour/Schools.aspx?schno=5237,5237,Huron Street Junior Public School,309,309,215,94,,148,160,131,29,30
https://www.tdsb.on.ca/FindYour/Schools.aspx?schno=5281,5281,Indian Road Crescent Junior Public School,245,245,150,95,,113,132,52,2,6
https://www.tdsb.on.ca/FindYour/Schools.aspx?schno=4588,4588,Inglewood Heights Junior Public School,316,316,213,103,,159,157,239,45,46
https://www.tdsb.on.ca/FindYour/Schools.aspx?schno=4594,4594,Ionview Public School,420,420,224,120,76,202,218,281,35,51
https://www.tdsb.on.ca/FindYour/Schools.aspx?schno=4597,4597,Iroquois Junior Public School,302,302,124,178,,134,168,263,10,15
https://www.tdsb.on.ca/FindYour/Schools.aspx?schno=5236,5236,Island Public/Natural Science School,209,209,142,67,,101,107,95,5,11
https://www.tdsb.on.ca/FindYour/Schools.aspx?schno=2021,2021,Islington Junior Middle School,574,574,325,165,84,273,300,373,63,75
https://www.tdsb.on.ca/FindYour/Schools.aspx?schno=4598,4598,J B Tyrrell Senior Public School,384,384,,,,173,209,289,9,19
https://www.tdsb.on.ca/FindYour/Schools.aspx?schno=4600,4600,J G Workman Public School,177,177,96,46,35,93,84,121,7,16
https://www.tdsb.on.ca/FindYour/Schools.aspx?schno=6152,6152,J R Wilcox Community School,344,344,183,115,46,147,197,131,12,30
https://www.tdsb.on.ca/FindYour/Schools.aspx?schno=4604,4604,Jack Miner Senior Public School,170,170,,,,88,82,60,3,4
https://www.tdsb.on.ca/FindYour/Schools.aspx?schno=5214,5214,Jackman Avenue Junior Public School,607,610,376,234,,314,296,159,8,20
https://www.tdsb.on.ca/FindYour/Schools.aspx?schno=2072,2072,James S Bell Junior Middle Sports and Wellness Academy,405,431,182,117,132,198,233,129,12,25
https://www.tdsb.on.ca/FindYour/Schools.aspx?schno=5907,5907,Jean Lumb Public School,476,476,322,87,67,222,254,325,64,92
https://www.tdsb.on.ca/FindYour/Schools.aspx?schno=5239,5239,Jesse Ketchum Junior and Senior Public School,565,565,281,85,199,273,290,378,86,100
https://www.tdsb.on.ca/FindYour/Schools.aspx?schno=4606,4606,John A Leslie Public School,445,446,204,114,128,219,226,248,15,46
https://www.tdsb.on.ca/FindYour/Schools.aspx?schno=4609,4609,John Buchan Senior Public School,185,185,,,,68,117,130,23,30
https://www.tdsb.on.ca/FindYour/Schools.aspx?schno=2080,2080,John D Parker Junior School,447,447,328,,,210,237,295,16,42
https://www.tdsb.on.ca/FindYour/Schools.aspx?schno=2077,2077,John English Junior Middle School,775,775,262,240,273,403,367,301,17,32
https://www.tdsb.on.ca/FindYour/Schools.aspx?schno=5240,5240,John Fisher Junior Public School,325,325,,135,,160,165,150,1,15
https://www.tdsb.on.ca/FindYour/Schools.aspx?schno=2033,2033,John G Althouse Middle School,454,454,,,,214,238,176,7,13
https://www.tdsb.on.ca/FindYour/Schools.aspx?schno=4723,4723,John G Diefenbaker Public School,261,261,128,56,77,125,136,110,9,22
https://www.tdsb.on.ca/FindYour/Schools.aspx?schno=4610,4610,John McCrae Public School,665,665,329,186,150,315,350,385,22,78
https://www.tdsb.on.ca/FindYour/Schools.aspx?schno=5296,5296,John Ross Robertson Junior Public School,478,478,283,195,,256,222,186,37,38
https://www.tdsb.on.ca/FindYour/Schools.aspx?schno=5308,5308,John Wanless Junior Public School,653,653,401,252,,319,334,168,24,36
https://www.tdsb.on.ca/FindYour/Schools.aspx?schno=4611,4611,Joseph Brant Public School,527,527,253,154,120,244,283,244,15,41
https://www.tdsb.on.ca/FindYour/Schools.aspx?schno=4608,4608,Joseph Howe Senior Public School,346,346,,,,169,177,115,3,7
https://www.tdsb.on.ca/FindYour/Schools.aspx?schno=3182,3182,Joyce Public School,164,164,104,60,,74,90,91,6,19
https://www.tdsb.on.ca/FindYour/Schools.aspx?schno=5360,5360,Kapapamahchakwew (Elem) - Wandering Spirit School,124,124,57,34,33,61,62,14,0,0
https://www.tdsb.on.ca/FindYour/Schools.aspx?schno=2907,2907,Karen Kain School of the Arts,162,162,,,,109,50,30,0,4
https://www.tdsb.on.ca/FindYour/Schools.aspx?schno=5242,5242,Keele Street Public School,595,595,302,193,100,307,288,273,40,33
https://www.tdsb.on.ca/FindYour/Schools.aspx?schno=6155,6155,Keelesdale Junior Public School,141,141,98,43,,71,70,73,7,10
https://www.tdsb.on.ca/FindYour/Schools.aspx?schno=4727,4727,Kennedy Public School,639,639,291,210,138,311,328,596,31,46
https://www.tdsb.on.ca/FindYour/Schools.aspx?schno=5347,5347,Kensington Community School,141,141,73,68,,64,77,70,5,6
https://www.tdsb.on.ca/FindYour/Schools.aspx?schno=5244,5244,Kew Beach Junior Public School,432,432,263,169,,199,233,66,7,14
https://www.tdsb.on.ca/FindYour/Schools.aspx?schno=5245,5245,Kimberley Junior Public School,297,297,216,81,,155,142,64,3,4
https://www.tdsb.on.ca/FindYour/Schools.aspx?schno=5247,5247,King Edward Junior and Senior Public School,493,494,82,53,359,241,249,179,15,12
https://www.tdsb.on.ca/FindYour/Schools.aspx?schno=6158,6158,King George Junior Public School,260,260,181,79,,124,136,41,6,8
https://www.tdsb.on.ca/FindYour/Schools.aspx?schno=3184,3184,Kingslake Public School,244,244,176,,,110,134,193,55,48
https://www.tdsb.on.ca/FindYour/Schools.aspx?schno=2040,2040,Kingsview Village Junior School,511,511,372,,,245,266,333,71,39
https://www.tdsb.on.ca/FindYour/Schools.aspx?schno=4612,4612,Knob Hill Public School,506,506,270,149,87,250,256,345,32,48
https://www.tdsb.on.ca/FindYour/Schools.aspx?schno=3187,3187,Lamberton Public School,328,328,252,,,157,171,189,40,38
https://www.tdsb.on.ca/FindYour/Schools.aspx?schno=6161,6161,Lambton Park Community School,136,136,80,,,63,73,61,6,15
https://www.tdsb.on.ca/FindYour/Schools.aspx?schno=2019,2019,Lambton-Kingsway Junior Middle School,646,646,320,203,123,341,303,163,20,18
https://www.tdsb.on.ca/FindYour/Schools.aspx?schno=2003,2003,Lanor Junior Middle School,397,397,134,157,106,167,230,149,14,23
https://www.tdsb.on.ca/FindYour/Schools.aspx?schno=3190,3190,Lawrence Heights Middle School,150,150,,,,71,78,56,1,8
https://www.tdsb.on.ca/FindYour/Schools.aspx?schno=3189,3189,Ledbury Park Elementary and Middle School,450,450,237,122,91,204,246,108,9,17
https://www.tdsb.on.ca/FindYour/Schools.aspx?schno=3185,3185,Lescon Public School,251,253,179,,,134,119,162,27,29
https://www.tdsb.on.ca/FindYour/Schools.aspx?schno=5250,5250,Leslieville Junior Public School,304,304,172,132,,140,160,98,1,10
https://www.tdsb.on.ca/FindYour/Schools.aspx?schno=3082,3082,Lester B Pearson Elementary School,369,369,,115,76,199,170,254,3,7
https://www.tdsb.on.ca/FindYour/Schools.aspx?schno=3186,3186,Lillian Public School,252,252,184,,,124,128,213,36,53
https://www.tdsb.on.ca/FindYour/Schools.aspx?schno=5219,5219,Lord Dufferin Junior and Senior Public School,365,365,183,90,92,153,212,229,29,27
https://www.tdsb.on.ca/FindYour/Schools.aspx?schno=5248,5248,Lord Lansdowne Junior Public School,255,255,,77,,144,111,92,3,14
https://www.tdsb.on.ca/FindYour/Schools.aspx?schno=4624,4624,Lord Roberts Junior Public School,415,415,259,156,,206,209,323,23,61
https://www.tdsb.on.ca/FindYour/Schools.aspx?schno=4637,4637,Lucy Maud Montgomery Public School,188,188,90,45,53,78,110,103,3,16
https://www.tdsb.on.ca/FindYour/Schools.aspx?schno=5310,5310,Lucy McCormick Senior School,69,69,,,,24,45,32,0,1
https://www.tdsb.on.ca/FindYour/Schools.aspx?schno=4630,4630,Lynngate Junior Public School,153,156,86,70,,68,88,103,4,8
https://www.tdsb.on.ca/FindYour/Schools.aspx?schno=4636,4636,Lynnwood Heights Junior Public School,142,143,89,54,,55,88,111,5,17
https://www.tdsb.on.ca/FindYour/Schools.aspx?schno=4650,4650,Macklin Public School,435,435,235,109,91,213,222,373,19,35
https://www.tdsb.on.ca/FindYour/Schools.aspx?schno=4640,4640,Malvern Junior Public School,337,337,175,162,,163,174,255,8,30
https://www.tdsb.on.ca/FindYour/Schools.aspx?schno=4642,4642,Manhattan Park Junior Public School,96,96,68,28,,39,57,55,6,4
https://www.tdsb.on.ca/FindYour/Schools.aspx?schno=3194,3194,Maple Leaf Public School,246,246,136,74,36,115,130,124,10,9
https://www.tdsb.on.ca/FindYour/Schools.aspx?schno=5316,5316,Market Lane Junior and Senior Public School,342,342,174,79,89,162,178,161,26,29
https://www.tdsb.on.ca/FindYour/Schools.aspx?schno=4647,4647,Mary Shadd Public School,424,424,190,121,113,203,221,340,9,30
https://www.tdsb.on.ca/FindYour/Schools.aspx?schno=4648,4648,Maryvale Public School,251,251,105,65,81,115,136,138,14,12
https://www.tdsb.on.ca/FindYour/Schools.aspx?schno=4654,4654,Mason Road Junior Public School,341,341,219,122,,172,169,193,8,28
https://www.tdsb.on.ca/FindYour/Schools.aspx?schno=5301,5301,Maurice Cody Junior Public School,619,621,,,,308,312,150,8,32
https://www.tdsb.on.ca/FindYour/Schools.aspx?schno=3198,3198,McKee Public School,661,661,492,,,302,359,555,94,102
https://www.tdsb.on.ca/FindYour/Schools.aspx?schno=5253,5253,McMurrich Junior Public School,540,540,291,249,,251,288,122,9,16
https://www.tdsb.on.ca/FindYour/Schools.aspx?schno=4660,4660,Meadowvale Public School,290,290,124,102,64,135,155,169,8,24
https://www.tdsb.on.ca/FindYour/Schools.aspx?schno=2082,2082,Melody Village Junior School,197,197,,,,110,87,96,1,3
https://www.tdsb.on.ca/FindYour/Schools.aspx?schno=4670,4670,Military Trail Public School,437,437,202,144,91,212,225,288,30,38
https://www.tdsb.on.ca/FindYour/Schools.aspx?schno=2069,2069,Mill Valley Junior School,164,164,119,,,89,75,73,9,4
https://www.tdsb.on.ca/FindYour/Schools.aspx?schno=4668,4668,Milliken Public School,352,352,211,71,70,165,187,307,11,13
https://www.tdsb.on.ca/FindYour/Schools.aspx?schno=2056,2056,Millwood Junior School,411,411,298,,,220,191,267,15,17
https://www.tdsb.on.ca/FindYour/Schools.aspx?schno=3196,3196,Milne Valley Middle School,509,510,,,,254,255,304,20,40
https://www.tdsb.on.ca/FindYour/Schools.aspx?schno=5246,5246,Montrose Junior Public School,192,192,117,75,,78,114,59,7,5
https://www.tdsb.on.ca/FindYour/Schools.aspx?schno=4665,4665,Morrish Public School,350,350,159,133,58,165,185,226,7,24
https://www.tdsb.on.ca/FindYour/Schools.aspx?schno=5254,5254,Morse Street Junior Public School,453,453,271,182,,240,213,83,13,8
https://www.tdsb.on.ca/FindYour/Schools.aspx?schno=5342,5342,Mountview Alternative School,88,88,53,21,14,36,50,20,0,3
https://www.tdsb.on.ca/FindYour/Schools.aspx?schno=3201,3201,Muirhead Public School,204,204,125,,,91,113,148,45,42
https://www.tdsb.on.ca/FindYour/Schools.aspx?schno=5261,5261,Nelson Mandela Park Public School,419,419,240,120,59,192,227,253,9,24
https://www.tdsb.on.ca/FindYour/Schools.aspx?schno=5255,5255,Niagara Street Junior Public School,325,325,224,101,,153,172,135,16,19
https://www.tdsb.on.ca/FindYour/Schools.aspx?schno=4672,4672,Norman Cook Junior Public School,146,146,95,51,,68,78,83,9,11
https://www.tdsb.on.ca/FindYour/Schools.aspx?schno=3206,3206,Norman Ingram Public School,223,223,172,,,92,131,119,13,23
https://www.tdsb.on.ca/FindYour/Schools.aspx?schno=2016,2016,Norseman Junior Middle School,760,760,351,210,199,365,394,259,15,22
https://www.tdsb.on.ca/FindYour/Schools.aspx?schno=4678,4678,North Agincourt Junior Public School,384,384,225,159,,204,180,287,10,12
https://www.tdsb.on.ca/FindYour/Schools.aspx?schno=4684,4684,North Bendale Junior Public School,146,146,98,48,,66,80,89,6,24
https://www.tdsb.on.ca/FindYour/Schools.aspx?schno=4690,4690,North Bridlewood Junior Public School,208,208,144,64,,100,108,150,9,30
https://www.tdsb.on.ca/FindYour/Schools.aspx?schno=2015,2015,North Kipling Junior Middle School,566,566,256,182,128,260,306,235,32,51
https://www.tdsb.on.ca/FindYour/Schools.aspx?schno=5336,5336,North Preparatory Junior Public School,269,269,170,99,,134,134,203,44,54
https://www.tdsb.on.ca/FindYour/Schools.aspx?schno=1442,1442,Northlea Elementary and Middle School,715,715,329,232,154,375,340,179,12,25
https://www.tdsb.on.ca/FindYour/Schools.aspx?schno=5256,5256,Norway Junior Public School,334,334,232,102,,167,167,68,3,7
https://www.tdsb.on.ca/FindYour/Schools.aspx?schno=3208,3208,O'Connor Public School,246,246,179,,,137,109,144,15,24
https://www.tdsb.on.ca/FindYour/Schools.aspx?schno=3209,3209,Oakdale Park Middle School,419,420,,,,173,247,194,12,31
https://www.tdsb.on.ca/FindYour/Schools.aspx?schno=4696,4696,Oakridge Junior Public School,549,549,462,,,273,276,474,54,69
https://www.tdsb.on.ca/FindYour/Schools.aspx?schno=5257,5257,Ogden Junior Public School,178,179,115,64,,88,91,120,23,24
https://www.tdsb.on.ca/FindYour/Schools.aspx?schno=5258,5258,Orde Street Public School,365,365,215,105,45,181,184,225,76,54
https://www.tdsb.on.ca/FindYour/Schools.aspx?schno=5294,5294,Oriole Park Junior Public School,246,246,189,,,117,128,88,9,32
https://www.tdsb.on.ca/FindYour/Schools.aspx?schno=5295,5295,Ossington/Old Orchard Junior Public School,264,264,152,112,,123,140,26,6,5
https://www.tdsb.on.ca/FindYour/Schools.aspx?schno=3214,3214,Owen Public School,482,482,323,159,,240,242,333,43,47
https://www.tdsb.on.ca/FindYour/Schools.aspx?schno=5259,5259,Palmerston Avenue Junior Public School,374,374,232,142,,175,198,65,12,9
https://www.tdsb.on.ca/FindYour/Schools.aspx?schno=5260,5260,Pape Avenue Junior Public School,337,337,216,121,,167,169,114,4,12
https://www.tdsb.on.ca/FindYour/Schools.aspx?schno=3223,3223,Park Lane Public School,60,61,,6,49,28,33,30,0,5
https://www.tdsb.on.ca/FindYour/Schools.aspx?schno=2011,2011,Park Lawn Junior Middle School,543,543,204,162,177,269,274,192,23,40
https://www.tdsb.on.ca/FindYour/Schools.aspx?schno=5262,5262,Parkdale Junior and Senior Public School,536,536,263,162,111,249,285,260,11,26
https://www.tdsb.on.ca/FindYour/Schools.aspx?schno=2004,2004,Parkfield Junior School,309,309,240,,,141,168,173,70,35
https://www.tdsb.on.ca/FindYour/Schools.aspx?schno=1151,1151,Parkside Elementary School,197,197,142,,,101,96,72,6,7
https://www.tdsb.on.ca/FindYour/Schools.aspx?schno=4700,4700,Pauline Johnson Junior Public School,343,343,229,114,,161,182,234,21,25
https://www.tdsb.on.ca/FindYour/Schools.aspx?schno=5263,5263,Pauline Junior Public School,178,178,129,49,,89,89,102,5,6
https://www.tdsb.on.ca/FindYour/Schools.aspx?schno=3226,3226,Pelmo Park Public School,279,279,221,,,136,143,107,11,14
https://www.tdsb.on.ca/FindYour/Schools.aspx?schno=4701,4701,Percy Williams Junior Public School,324,324,209,115,,147,177,249,3,16
https://www.tdsb.on.ca/FindYour/Schools.aspx?schno=5264,5264,Perth Avenue Junior Public School,516,517,357,160,,261,252,144,3,12
https://www.tdsb.on.ca/FindYour/Schools.aspx?schno=3213,3213,Pierre Laporte Middle School,400,400,,,,179,221,242,19,40
https://www.tdsb.on.ca/FindYour/Schools.aspx?schno=3228,3228,Pineway Public School,158,162,85,,,66,96,105,5,13
https://www.tdsb.on.ca/FindYour/Schools.aspx?schno=3230,3230,Pleasant Public School,348,348,180,168,,176,172,304,39,45
https://www.tdsb.on.ca/FindYour/Schools.aspx?schno=3337,3337,Pleasant View Middle School,341,341,,,,170,171,239,46,38
https://www.tdsb.on.ca/FindYour/Schools.aspx?schno=4708,4708,Poplar Road Junior Public School,206,206,114,92,,97,109,51,3,7
https://www.tdsb.on.ca/FindYour/Schools.aspx?schno=4664,4664,Port Royal Public School,462,462,248,134,80,219,243,382,8,25
https://www.tdsb.on.ca/FindYour/Schools.aspx?schno=6195,6195,Portage Trail Community School,524,524,197,137,190,252,272,218,23,48
https://www.tdsb.on.ca/FindYour/Schools.aspx?schno=1157,1157,Presteign Heights Elementary School,210,210,113,,,111,99,121,1,6
https://www.tdsb.on.ca/FindYour/Schools.aspx?schno=2053,2053,Princess Margaret Junior School,371,374,273,,,181,193,157,14,23
https://www.tdsb.on.ca/FindYour/Schools.aspx?schno=5266,5266,Queen Alexandra Middle School,376,376,,,,184,190,147,6,13
https://www.tdsb.on.ca/FindYour/Schools.aspx?schno=5330,5330,Quest Alternative Senior School,46,46,,,,24,22,8,0,1
https://www.tdsb.on.ca/FindYour/Schools.aspx?schno=1163,1163,R H McGregor Elementary School,704,705,506,,,342,360,170,6,9
https://www.tdsb.on.ca/FindYour/Schools.aspx?schno=3233,3233,R J Lang Elementary and Middle School,383,383,204,,,183,200,306,46,64
https://www.tdsb.on.ca/FindYour/Schools.aspx?schno=3020,3020,Ranchdale Public School,228,228,181,,,98,130,140,13,21
https://www.tdsb.on.ca/FindYour/Schools.aspx?schno=6367,6367,Rawlinson Community School,671,671,339,203,129,339,330,227,11,18
https://www.tdsb.on.ca/FindYour/Schools.aspx?schno=5268,5268,Regal Road Junior Public School,536,536,339,197,,268,268,195,6,12
https://www.tdsb.on.ca/FindYour/Schools.aspx?schno=4720,4720,Regent Heights Public School,506,506,254,138,114,227,279,403,44,61
https://www.tdsb.on.ca/FindYour/Schools.aspx?schno=3181,3181,Rene Gordon Health and Wellness Academy,237,237,156,,,128,109,148,36,43
https://www.tdsb.on.ca/FindYour/Schools.aspx?schno=3234,3234,Rippleton Public School,240,240,161,,,119,121,157,16,12
https://www.tdsb.on.ca/FindYour/Schools.aspx?schno=2046,2046,Rivercrest Junior School,250,250,190,,,120,130,128,11,10
https://www.tdsb.on.ca/FindYour/Schools.aspx?schno=4724,4724,Robert Service Senior Public School,180,181,,,,84,97,105,9,13
https://www.tdsb.on.ca/FindYour/Schools.aspx?schno=3235,3235,Rockford Public School,697,697,418,279,,341,356,501,83,79
https://www.tdsb.on.ca/FindYour/Schools.aspx?schno=5269,5269,Roden Public School,420,423,240,109,74,203,220,107,10,15
https://www.tdsb.on.ca/FindYour/Schools.aspx?schno=1166,1166,Rolph Road Elementary School,321,321,199,122,,161,160,75,7,14
https://www.tdsb.on.ca/FindYour/Schools.aspx?schno=5270,5270,Rose Avenue Junior Public School,615,615,422,193,,291,324,506,64,131
https://www.tdsb.on.ca/FindYour/Schools.aspx?schno=5271,5271,Rosedale Junior Public School,204,204,132,72,,99,104,97,16,20
https://www.tdsb.on.ca/FindYour/Schools.aspx?schno=6173,6173,Roselands Public School,317,317,154,,,147,170,139,6,11
https://www.tdsb.on.ca/FindYour/Schools.aspx?schno=2029,2029,Rosethorn Junior School,339,339,248,,,158,181,142,2,3
https://www.tdsb.on.ca/FindYour/Schools.aspx?schno=4721,4721,Rouge Valley Public School,230,230,110,46,74,125,105,112,0,25
https://www.tdsb.on.ca/FindYour/Schools.aspx?schno=3240,3240,Roywood Public School,138,138,102,,,63,75,85,11,18
https://www.tdsb.on.ca/FindYour/Schools.aspx?schno=5272,5272,Runnymede Junior and Senior Public School,908,908,437,294,177,458,450,176,14,10
https://www.tdsb.on.ca/FindYour/Schools.aspx?schno=5273,5273,Ryerson Community School,293,293,113,71,109,141,152,167,48,39
https://www.tdsb.on.ca/FindYour/Schools.aspx?schno=4725,4725,Samuel Hearne Middle School,329,329,,,,170,159,272,21,41
https://www.tdsb.on.ca/FindYour/Schools.aspx?schno=4732,4732,Scarborough Village Public School,200,200,97,55,48,85,115,116,9,20
https://www.tdsb.on.ca/FindYour/Schools.aspx?schno=2076,2076,Second Street Junior Middle School,540,540,265,170,105,296,244,215,9,40
https://www.tdsb.on.ca/FindYour/Schools.aspx?schno=1175,1175,Secord Elementary School,648,648,497,,,311,336,333,29,56
https://www.tdsb.on.ca/FindYour/Schools.aspx?schno=1178,1178,Selwyn Elementary School,197,197,113,,,94,103,62,2,11
https://www.tdsb.on.ca/FindYour/Schools.aspx?schno=3011,3011,Seneca Hill Public School,297,297,181,,,133,164,243,4,37
https://www.tdsb.on.ca/FindYour/Schools.aspx?schno=2008,2008,Seneca School,70,70,28,31,11,20,50,35,0,5
https://www.tdsb.on.ca/FindYour/Schools.aspx?schno=2075,2075,Seventh Street Junior School,188,188,149,,,84,104,38,4,10
https://www.tdsb.on.ca/FindYour/Schools.aspx?schno=3243,3243,Shaughnessy Public School,184,184,90,54,40,87,97,127,12,21
https://www.tdsb.on.ca/FindYour/Schools.aspx?schno=3246,3246,Sheppard Public School,172,172,102,,,81,91,72,6,12
https://www.tdsb.on.ca/FindYour/Schools.aspx?schno=5275,5275,Shirley Street Junior Public School,156,159,102,57,,74,85,54,4,3
https://www.tdsb.on.ca/FindYour/Schools.aspx?schno=3247,3247,Shoreham Public Sports and Wellness Academy,245,245,184,,,128,117,134,9,7
https://www.tdsb.on.ca/FindYour/Schools.aspx?schno=4730,4730,Silver Springs Public School,350,350,186,95,69,172,178,271,23,35
https://www.tdsb.on.ca/FindYour/Schools.aspx?schno=6250,6250,Silverthorn Community School,312,312,118,78,116,139,172,160,8,14
https://www.tdsb.on.ca/FindYour/Schools.aspx?schno=2001,2001,Sir Adam Beck Junior School,358,358,257,,,173,185,104,4,8
https://www.tdsb.on.ca/FindYour/Schools.aspx?schno=4315,4315,Sir Alexander Mackenzie Senior Public School,350,350,,,,184,166,288,6,19
https://www.tdsb.on.ca/FindYour/Schools.aspx?schno=4731,4731,Sir Ernest MacMillan Senior Public School,312,312,,,,179,132,233,8,14
https://www.tdsb.on.ca/FindYour/Schools.aspx?schno=4729,4729,Sir Samuel B Steele Junior Public School,352,352,199,153,,164,188,300,15,34
https://www.tdsb.on.ca/FindYour/Schools.aspx?schno=3254,3254,Sloane Public School,329,329,254,,,157,172,218,23,49
https://www.tdsb.on.ca/FindYour/Schools.aspx?schno=2064,2064,Smithfield Middle School,496,496,,,,240,256,347,16,32
https://www.tdsb.on.ca/FindYour/Schools.aspx?schno=5364,5364,Spectrum Alternative Senior School,57,57,,,,35,21,12,0,1
https://www.tdsb.on.ca/FindYour/Schools.aspx?schno=5278,5278,Sprucecourt Public School,350,351,200,104,47,171,180,202,8,28
https://www.tdsb.on.ca/FindYour/Schools.aspx?schno=4726,4726,St Andrews Public School,492,492,289,107,96,242,250,358,29,78
https://www.tdsb.on.ca/FindYour/Schools.aspx?schno=2034,2034,St George's Junior School,167,167,115,,,69,98,29,2,6
https://www.tdsb.on.ca/FindYour/Schools.aspx?schno=4728,4728,St Margaret's Public School,274,275,120,97,58,149,126,137,13,15
https://www.tdsb.on.ca/FindYour/Schools.aspx?schno=3336,3336,St. Andrew's Middle School,407,407,,,,187,218,242,14,28
https://www.tdsb.on.ca/FindYour/Schools.aspx?schno=3260,3260,Stanley Public School,241,242,139,,,124,118,118,6,20
https://www.tdsb.on.ca/FindYour/Schools.aspx?schno=3027,3027,Steelesview Public School,255,255,119,,,120,135,209,21,23
https://www.tdsb.on.ca/FindYour/Schools.aspx?schno=3261,3261,Stilecroft Public School,225,225,175,,,96,129,143,7,6
https://www.tdsb.on.ca/FindYour/Schools.aspx?schno=3262,3262,Summit Heights Public School,403,403,140,,,193,210,100,3,12
https://www.tdsb.on.ca/FindYour/Schools.aspx?schno=5327,5327,Sunny View Junior and Senior Public School,78,78,40,28,10,25,53,40,0,7
https://www.tdsb.on.ca/FindYour/Schools.aspx?schno=2018,2018,Sunnylea Junior School,254,254,188,,,114,140,35,3,2
https://www.tdsb.on.ca/FindYour/Schools.aspx?schno=5311,5311,Swansea Junior and Senior Public School,978,979,509,275,195,488,487,410,40,56
https://www.tdsb.on.ca/FindYour/Schools.aspx?schno=4734,4734,Tam O'Shanter Junior Public School,295,295,168,127,,140,155,234,33,63
https://www.tdsb.on.ca/FindYour/Schools.aspx?schno=4756,4756,Taylor Creek Public School,395,395,203,120,72,180,215,231,13,23
https://www.tdsb.on.ca/FindYour/Schools.aspx?schno=4735,4735,Tecumseh Senior Public School,310,310,,,,155,155,206,10,21
https://www.tdsb.on.ca/FindYour/Schools.aspx?schno=4786,4786,Terraview-Willowfield Public School,293,293,141,93,59,132,161,172,7,26
https://www.tdsb.on.ca/FindYour/Schools.aspx?schno=4733,4733,Terry Fox Public School,366,366,165,111,90,168,198,330,25,24
https://www.tdsb.on.ca/FindYour/Schools.aspx?schno=2051,2051,The Elms Junior Middle School,442,443,150,143,150,204,239,240,18,28
https://www.tdsb.on.ca/FindYour/Schools.aspx?schno=5904,5904,The Grove Community School,116,116,72,44,,45,67,19,0,0
https://www.tdsb.on.ca/FindYour/Schools.aspx?schno=5288,5288,The Waterfront School,215,215,106,62,47,110,105,119,27,23
https://www.tdsb.on.ca/FindYour/Schools.aspx?schno=4799,4799,Thomas L Wells Public School,558,558,261,164,133,283,275,441,10,23
https://www.tdsb.on.ca/FindYour/Schools.aspx?schno=1184,1184,Thorncliffe Park Public School,1278,1278,769,,,611,667,1209,129,164
https://www.tdsb.on.ca/FindYour/Schools.aspx?schno=3266,3266,Three Valleys Public School,248,248,166,,,130,118,115,10,20
https://www.tdsb.on.ca/FindYour/Schools.aspx?schno=4740,4740,Timberbank Junior Public School,235,235,152,83,,118,117,192,12,26
https://www.tdsb.on.ca/FindYour/Schools.aspx?schno=4742,4742,Tom Longboat Junior Public School,202,202,139,63,,103,99,155,2,25
https://www.tdsb.on.ca/FindYour/Schools.aspx?schno=3267,3267,Topcliff Public School,281,281,213,,,141,140,118,9,14
https://www.tdsb.on.ca/FindYour/Schools.aspx?schno=4780,4780,Tredway Woodsworth Public School,755,755,245,168,342,389,366,435,28,53
https://www.tdsb.on.ca/FindYour/Schools.aspx?schno=3270,3270,Tumpane Public School,343,343,242,,,177,166,144,17,22
https://www.tdsb.on.ca/FindYour/Schools.aspx?schno=2074,2074,Twentieth Street Junior School,168,169,138,,,71,98,69,10,16
https://www.tdsb.on.ca/FindYour/Schools.aspx?schno=1585,1585,Valley Park Middle School,972,974,,,,465,509,906,100,88
https://www.tdsb.on.ca/FindYour/Schools.aspx?schno=2054,2054,Valleyfield Junior School,286,286,186,100,,142,144,163,9,22
https://www.tdsb.on.ca/FindYour/Schools.aspx?schno=1187,1187,Victoria Park Elementary School,152,152,85,,,67,85,62,1,8
https://www.tdsb.on.ca/FindYour/Schools.aspx?schno=3274,3274,Victoria Village Public School,287,287,206,,,143,144,192,23,30
https://www.tdsb.on.ca/FindYour/Schools.aspx?schno=4744,4744,Vradenburg Junior Public School,255,255,173,82,,129,126,172,8,25
https://www.tdsb.on.ca/FindYour/Schools.aspx?schno=4750,4750,Walter Perry Junior Public School,322,322,200,122,,156,166,198,12,28
https://www.tdsb.on.ca/FindYour/Schools.aspx?schno=6185,6185,Warren Park Junior Public School,182,182,131,51,,88,94,62,4,6
https://www.tdsb.on.ca/FindYour/Schools.aspx?schno=2025,2025,Wedgewood Junior School,507,507,392,,,260,247,297,42,45
https://www.tdsb.on.ca/FindYour/Schools.aspx?schno=2026,2026,Wellesworth Junior School,154,154,108,,,71,83,81,6,10
https://www.tdsb.on.ca/FindYour/Schools.aspx?schno=2028,2028,West Glen Junior School,150,150,111,,,74,76,78,13,14
https://www.tdsb.on.ca/FindYour/Schools.aspx?schno=4762,4762,West Hill Public School,218,218,115,66,37,111,107,99,21,11
https://www.tdsb.on.ca/FindYour/Schools.aspx?schno=2044,2044,West Humber Junior Middle School,413,413,148,122,143,199,212,257,29,31
https://www.tdsb.on.ca/FindYour/Schools.aspx?schno=5338,5338,West Preparatory Junior Public School,525,525,337,188,,252,273,314,34,60
https://www.tdsb.on.ca/FindYour/Schools.aspx?schno=4764,4764,West Rouge Junior Public School,275,276,181,95,,119,157,90,4,4
https://www.tdsb.on.ca/FindYour/Schools.aspx?schno=2050,2050,Westmount Junior School,239,239,187,,,115,124,124,10,14
https://www.tdsb.on.ca/FindYour/Schools.aspx?schno=6191,6191,Weston Memorial Junior Public School,241,241,195,,,122,119,83,8,15
https://www.tdsb.on.ca/FindYour/Schools.aspx?schno=2037,2037,Westway Junior School,173,173,124,,,83,90,108,5,13
https://www.tdsb.on.ca/FindYour/Schools.aspx?schno=1593,1593,Westwood Middle School,322,322,,,,138,184,134,5,16
https://www.tdsb.on.ca/FindYour/Schools.aspx?schno=4768,4768,Wexford Public School,319,319,176,87,56,152,167,184,23,43
https://www.tdsb.on.ca/FindYour/Schools.aspx?schno=4795,4795,White Haven Public School,467,467,225,147,95,227,240,351,21,37
https://www.tdsb.on.ca/FindYour/Schools.aspx?schno=5307,5307,Whitney Junior Public School,421,421,280,141,,205,216,162,59,48
https://www.tdsb.on.ca/FindYour/Schools.aspx?schno=5282,5282,Wilkinson Junior Public School,455,455,231,224,,225,229,150,4,6
https://www.tdsb.on.ca/FindYour/Schools.aspx?schno=1196,1196,William Burgess Elementary School,324,324,241,,,143,181,130,18,13
https://www.tdsb.on.ca/FindYour/Schools.aspx?schno=4770,4770,William G Davis Junior Public School,286,286,174,112,,137,149,124,5,13
https://www.tdsb.on.ca/FindYour/Schools.aspx?schno=4774,4774,William G Miller Public School,459,459,253,110,96,239,220,173,2,16
https://www.tdsb.on.ca/FindYour/Schools.aspx?schno=5314,5314,William J McCordic School,77,78,13,10,55,25,53,41,0,2
https://www.tdsb.on.ca/FindYour/Schools.aspx?schno=5283,5283,Williamson Road Junior Public School,520,520,317,203,,267,252,88,8,19
https://www.tdsb.on.ca/FindYour/Schools.aspx?schno=4792,4792,Willow Park Junior Public School,368,370,261,109,,176,194,178,15,31
https://www.tdsb.on.ca/FindYour/Schools.aspx?schno=3288,3288,Willowdale Middle School,530,530,,,,264,265,361,40,48
https://www.tdsb.on.ca/FindYour/Schools.aspx?schno=3064,3064,Wilmington Elementary School,231,231,,,,108,123,124,23,14
https://www.tdsb.on.ca/FindYour/Schools.aspx?schno=5284,5284,Winchester Junior and Senior Public School,451,451,,87,189,246,201,249,18,26
https://www.tdsb.on.ca/FindYour/Schools.aspx?schno=3342,3342,Windfields Middle School,577,578,,,,299,277,347,17,32
https://www.tdsb.on.ca/FindYour/Schools.aspx?schno=5286,5286,Winona Drive Senior Public School,360,360,,,,174,181,112,3,9
https://www.tdsb.on.ca/FindYour/Schools.aspx?schno=5285,5285,Withrow Avenue Junior Public School,522,522,326,196,,246,276,146,8,12
https://www.tdsb.on.ca/FindYour/Schools.aspx?schno=4798,4798,Woburn Junior Public School,371,371,221,150,,185,186,309,17,57
https://www.tdsb.on.ca/FindYour/Schools.aspx?schno=3345,3345,Woodbine Middle School,447,447,,,,218,229,368,80,106
https://www.tdsb.on.ca/FindYour/Schools.aspx?schno=3294,3294,Yorkview Public School,376,376,278,,,194,182,251,25,41
https://www.tdsb.on.ca/FindYour/Schools.aspx?schno=3296,3296,Yorkwoods Public School,270,270,197,,,132,138,111,4,19
https://www.tdsb.on.ca/FindYour/Schools.aspx?schno=3348,3348,Zion Heights Middle School,484,484,,,,220,263,366,18,21
https://www.tdsb.on.ca/FindYour/Schools.aspx?schno=2010,2010,Ã‰tienne BrÃ»lÃ© Junior School,262,262,196,,,125,137,175,40,43
